[
    {
        "distrito_judicial": "LIMA",
        "instancia": "JUZGADO ESPECIALIZADO",
        "especialidad ": "CIVIL",
        "annio": "2022",
        "num_expediente": "500"
    },
    {
        "distrito_judicial": "LIMA NORTE",
        "instancia": "JUZGADO DE PAZ LETRADO",
        "especialidad ": "CIVIL",
        "annio": "2022",
        "num_expediente": "195"
    },
    {
        "distrito_judicial": "LIMA",
        "instancia": "JUZGADO ESPECIALIZADO",
        "especialidad ": "CIVIL",
        "annio": "2018",
        "num_expediente": "1893"
    },
    {
        "distrito_judicial": "LIMA",
        "instancia": "JUZGADO ESPECIALIZADO",
        "especialidad ": "CIVIL",
        "annio": "2022",
        "num_expediente": "2304"
    },
    {
        "distrito_judicial": "LIMA",
        "instancia": "JUZGADO ESPECIALIZADO",
        "especialidad ": "CIVIL",
        "annio": "2021",
        "num_expediente": "17774"
    },
    {
        "distrito_judicial": "LIMA",
        "instancia": "JUZGADO ESPECIALIZADO",
        "especialidad ": "CIVIL",
        "annio": "2020",
        "num_expediente": "01114"
    },
    {
        "distrito_judicial": "LIMA",
        "instancia": "JUZGADO ESPECIALIZADO",
        "especialidad ": "CIVIL",
        "annio": "2022",
        "num_expediente": "21334"
    },
    {
        "distrito_judicial": "LIMA",
        "instancia": "JUZGADO ESPECIALIZADO",
        "especialidad ": "CIVIL",
        "annio": "2023",
        "num_expediente": "11761"
    },
    {
        "distrito_judicial": "LIMA",
        "instancia": "JUZGADO ESPECIALIZADO",
        "especialidad ": "CIVIL",
        "annio": "2023",
        "num_expediente": "788"
    },
    {
        "distrito_judicial": "LIMA",
        "instancia": "JUZGADO ESPECIALIZADO",
        "especialidad ": "CIVIL",
        "annio": "2023",
        "num_expediente": "245"
    },
    {
        "distrito_judicial": "LIMA",
        "instancia": "JUZGADO ESPECIALIZADO",
        "especialidad ": "CIVIL",
        "annio": "2021",
        "num_expediente": "1151"
    },
    {
        "distrito_judicial": "LIMA",
        "instancia": "JUZGADO ESPECIALIZADO",
        "especialidad ": "CIVIL",
        "annio": "2020",
        "num_expediente": "10886"
    },
    {
        "distrito_judicial": "LIMA",
        "instancia": "JUZGADO ESPECIALIZADO",
        "especialidad ": "CIVIL",
        "annio": "2022",
        "num_expediente": "17413"
    },
    {
        "distrito_judicial": "LIMA",
        "instancia": "JUZGADO ESPECIALIZADO",
        "especialidad ": "CIVIL",
        "annio": "2022",
        "num_expediente": "16079"
    },
    {
        "distrito_judicial": "LIMA",
        "instancia": "JUZGADO ESPECIALIZADO",
        "especialidad ": "CIVIL",
        "annio": "2008",
        "num_expediente": "2330"
    },
    {
        "distrito_judicial": "LIMA",
        "instancia": "JUZGADO ESPECIALIZADO",
        "especialidad ": "CIVIL",
        "annio": "2021",
        "num_expediente": "19418"
    },
    {
        "distrito_judicial": "LIMA",
        "instancia": "JUZGADO ESPECIALIZADO",
        "especialidad ": "CIVIL",
        "annio": "2022",
        "num_expediente": "18915"
    },
    {
        "distrito_judicial": "LIMA",
        "instancia": "JUZGADO ESPECIALIZADO",
        "especialidad ": "CIVIL",
        "annio": "2021",
        "num_expediente": "9641"
    },
    {
        "distrito_judicial": "LIMA",
        "instancia": "JUZGADO ESPECIALIZADO",
        "especialidad ": "CIVIL",
        "annio": "2022",
        "num_expediente": "2892"
    },
    {
        "distrito_judicial": "LIMA",
        "instancia": "JUZGADO ESPECIALIZADO",
        "especialidad ": "CIVIL",
        "annio": "2019",
        "num_expediente": "8603"
    },
    {
        "distrito_judicial": "LIMA",
        "instancia": "JUZGADO ESPECIALIZADO",
        "especialidad ": "CIVIL",
        "annio": "2022",
        "num_expediente": "516"
    },
    {
        "distrito_judicial": "LIMA",
        "instancia": "JUZGADO ESPECIALIZADO",
        "especialidad ": "CIVIL",
        "annio": "2021",
        "num_expediente": "8064"
    },
    {
        "distrito_judicial": "LIMA",
        "instancia": "JUZGADO ESPECIALIZADO",
        "especialidad ": "CIVIL",
        "annio": "2023",
        "num_expediente": "703"
    },
    {
        "distrito_judicial": "LIMA",
        "instancia": "JUZGADO ESPECIALIZADO",
        "especialidad ": "CIVIL",
        "annio": "2022",
        "num_expediente": "10013"
    },
    {
        "distrito_judicial": "LIMA",
        "instancia": "JUZGADO ESPECIALIZADO",
        "especialidad ": "CIVIL",
        "annio": "2022",
        "num_expediente": "942"
    },
    {
        "distrito_judicial": "LIMA",
        "instancia": "JUZGADO ESPECIALIZADO",
        "especialidad ": "CIVIL",
        "annio": "2023",
        "num_expediente": "01118"
    },
    {
        "distrito_judicial": "LIMA",
        "instancia": "JUZGADO ESPECIALIZADO",
        "especialidad ": "CIVIL",
        "annio": "2022",
        "num_expediente": "20502"
    },
    {
        "distrito_judicial": "LIMA",
        "instancia": "JUZGADO ESPECIALIZADO",
        "especialidad ": "CIVIL",
        "annio": "2022",
        "num_expediente": "7106"
    },
    {
        "distrito_judicial": "LIMA",
        "instancia": "JUZGADO ESPECIALIZADO",
        "especialidad ": "CIVIL",
        "annio": "2021",
        "num_expediente": "13252"
    },
    {
        "distrito_judicial": "LIMA",
        "instancia": "JUZGADO ESPECIALIZADO",
        "especialidad ": "CIVIL",
        "annio": "2023",
        "num_expediente": "7597"
    },
    {
        "distrito_judicial": "LIMA",
        "instancia": "JUZGADO ESPECIALIZADO",
        "especialidad ": "CIVIL",
        "annio": "2012",
        "num_expediente": "1849"
    },
    {
        "distrito_judicial": "LIMA",
        "instancia": "JUZGADO ESPECIALIZADO",
        "especialidad ": "CIVIL",
        "annio": "2022",
        "num_expediente": "2042"
    },
    {
        "distrito_judicial": "LIMA",
        "instancia": "JUZGADO ESPECIALIZADO",
        "especialidad ": "CIVIL",
        "annio": "2021",
        "num_expediente": "21576"
    },
    {
        "distrito_judicial": "LIMA",
        "instancia": "JUZGADO ESPECIALIZADO",
        "especialidad ": "CIVIL",
        "annio": "2022",
        "num_expediente": "14605"
    },
    {
        "distrito_judicial": "LIMA",
        "instancia": "JUZGADO ESPECIALIZADO",
        "especialidad ": "CIVIL",
        "annio": "2023",
        "num_expediente": "8244"
    },
    {
        "distrito_judicial": "LIMA",
        "instancia": "JUZGADO ESPECIALIZADO",
        "especialidad ": "CIVIL",
        "annio": "2021",
        "num_expediente": "17424"
    },
    {
        "distrito_judicial": "LIMA",
        "instancia": "JUZGADO ESPECIALIZADO",
        "especialidad ": "CIVIL",
        "annio": "2022",
        "num_expediente": "2325"
    },
    {
        "distrito_judicial": "LIMA",
        "instancia": "JUZGADO ESPECIALIZADO",
        "especialidad ": "CIVIL",
        "annio": "2021",
        "num_expediente": "21048"
    },
    {
        "distrito_judicial": "LIMA",
        "instancia": "JUZGADO ESPECIALIZADO",
        "especialidad ": "CIVIL",
        "annio": "2021",
        "num_expediente": "19601"
    },
    {
        "distrito_judicial": "LIMA",
        "instancia": "JUZGADO ESPECIALIZADO",
        "especialidad ": "CIVIL",
        "annio": "2021",
        "num_expediente": "17776"
    },
    {
        "distrito_judicial": "LIMA",
        "instancia": "JUZGADO ESPECIALIZADO",
        "especialidad ": "CIVIL",
        "annio": "2021",
        "num_expediente": "1411"
    },
    {
        "distrito_judicial": "LIMA",
        "instancia": "JUZGADO ESPECIALIZADO",
        "especialidad ": "CIVIL",
        "annio": "2009",
        "num_expediente": "5981"
    },
    {
        "distrito_judicial": "LIMA",
        "instancia": "JUZGADO ESPECIALIZADO",
        "especialidad ": "CIVIL",
        "annio": "2021",
        "num_expediente": "19653"
    },
    {
        "distrito_judicial": "LIMA",
        "instancia": "JUZGADO ESPECIALIZADO",
        "especialidad ": "CIVIL",
        "annio": "2022",
        "num_expediente": "8978"
    },
    {
        "distrito_judicial": "LIMA",
        "instancia": "JUZGADO ESPECIALIZADO",
        "especialidad ": "CIVIL",
        "annio": "2021",
        "num_expediente": "10028"
    },
    {
        "distrito_judicial": "LIMA",
        "instancia": "JUZGADO ESPECIALIZADO",
        "especialidad ": "CIVIL",
        "annio": "2017",
        "num_expediente": "14753"
    },
    {
        "distrito_judicial": "LIMA",
        "instancia": "JUZGADO ESPECIALIZADO",
        "especialidad ": "CIVIL",
        "annio": "2023",
        "num_expediente": "798"
    },
    {
        "distrito_judicial": "LIMA",
        "instancia": "JUZGADO ESPECIALIZADO",
        "especialidad ": "CIVIL",
        "annio": "2021",
        "num_expediente": "22487"
    },
    {
        "distrito_judicial": "LIMA",
        "instancia": "JUZGADO ESPECIALIZADO",
        "especialidad ": "CIVIL",
        "annio": "2023",
        "num_expediente": "01112"
    },
    {
        "distrito_judicial": "LIMA",
        "instancia": "JUZGADO ESPECIALIZADO",
        "especialidad ": "CIVIL",
        "annio": "2022",
        "num_expediente": "18717"
    },
    {
        "distrito_judicial": "LIMA",
        "instancia": "JUZGADO ESPECIALIZADO",
        "especialidad ": "CIVIL",
        "annio": "2011",
        "num_expediente": "9973"
    },
    {
        "distrito_judicial": "LIMA",
        "instancia": "JUZGADO ESPECIALIZADO",
        "especialidad ": "CIVIL",
        "annio": "2022",
        "num_expediente": "1912"
    },
    {
        "distrito_judicial": "LIMA",
        "instancia": "JUZGADO ESPECIALIZADO",
        "especialidad ": "CIVIL",
        "annio": "2022",
        "num_expediente": "21456"
    },
    {
        "distrito_judicial": "LIMA",
        "instancia": "JUZGADO ESPECIALIZADO",
        "especialidad ": "CIVIL",
        "annio": "2022",
        "num_expediente": "21583"
    },
    {
        "distrito_judicial": "LIMA",
        "instancia": "JUZGADO ESPECIALIZADO",
        "especialidad ": "CIVIL",
        "annio": "2022",
        "num_expediente": "6067"
    },
    {
        "distrito_judicial": "LIMA",
        "instancia": "JUZGADO ESPECIALIZADO",
        "especialidad ": "CIVIL",
        "annio": "2022",
        "num_expediente": "2905"
    },
    {
        "distrito_judicial": "LIMA",
        "instancia": "JUZGADO ESPECIALIZADO",
        "especialidad ": "CIVIL",
        "annio": "2022",
        "num_expediente": "24056"
    },
    {
        "distrito_judicial": "LIMA",
        "instancia": "JUZGADO ESPECIALIZADO",
        "especialidad ": "CIVIL",
        "annio": "2022",
        "num_expediente": "21621"
    },
    {
        "distrito_judicial": "LIMA",
        "instancia": "JUZGADO ESPECIALIZADO",
        "especialidad ": "CIVIL",
        "annio": "2023",
        "num_expediente": "2600"
    },
    {
        "distrito_judicial": "LIMA",
        "instancia": "JUZGADO ESPECIALIZADO",
        "especialidad ": "CIVIL",
        "annio": "2023",
        "num_expediente": "758"
    },
    {
        "distrito_judicial": "LIMA",
        "instancia": "JUZGADO ESPECIALIZADO",
        "especialidad ": "CIVIL",
        "annio": "2022",
        "num_expediente": "2021"
    },
    {
        "distrito_judicial": "LIMA",
        "instancia": "JUZGADO ESPECIALIZADO",
        "especialidad ": "CIVIL",
        "annio": "2022",
        "num_expediente": "24486"
    },
    {
        "distrito_judicial": "LIMA",
        "instancia": "JUZGADO ESPECIALIZADO",
        "especialidad ": "CIVIL",
        "annio": "2022",
        "num_expediente": "21036"
    },
    {
        "distrito_judicial": "LIMA",
        "instancia": "JUZGADO ESPECIALIZADO",
        "especialidad ": "CIVIL",
        "annio": "2022",
        "num_expediente": "22375"
    },
    {
        "distrito_judicial": "LIMA",
        "instancia": "JUZGADO ESPECIALIZADO",
        "especialidad ": "CIVIL",
        "annio": "2022",
        "num_expediente": "19207"
    },
    {
        "distrito_judicial": "LIMA",
        "instancia": "JUZGADO ESPECIALIZADO",
        "especialidad ": "CIVIL",
        "annio": "2021",
        "num_expediente": "19541"
    },
    {
        "distrito_judicial": "LIMA",
        "instancia": "JUZGADO ESPECIALIZADO",
        "especialidad ": "CIVIL",
        "annio": "2015",
        "num_expediente": "2443"
    },
    {
        "distrito_judicial": "LIMA",
        "instancia": "JUZGADO ESPECIALIZADO",
        "especialidad ": "CIVIL",
        "annio": "2022",
        "num_expediente": "896"
    },
    {
        "distrito_judicial": "LIMA",
        "instancia": "JUZGADO ESPECIALIZADO",
        "especialidad ": "CIVIL",
        "annio": "2022",
        "num_expediente": "18723"
    },
    {
        "distrito_judicial": "LIMA",
        "instancia": "JUZGADO ESPECIALIZADO",
        "especialidad ": "CIVIL",
        "annio": "2022",
        "num_expediente": "583"
    },
    {
        "distrito_judicial": "LIMA",
        "instancia": "JUZGADO ESPECIALIZADO",
        "especialidad ": "CIVIL",
        "annio": "2021",
        "num_expediente": "1138"
    },
    {
        "distrito_judicial": "LIMA",
        "instancia": "JUZGADO ESPECIALIZADO",
        "especialidad ": "CIVIL",
        "annio": "2020",
        "num_expediente": "1529"
    },
    {
        "distrito_judicial": "LIMA",
        "instancia": "JUZGADO ESPECIALIZADO",
        "especialidad ": "CIVIL",
        "annio": "2021",
        "num_expediente": "15729"
    },
    {
        "distrito_judicial": "LIMA",
        "instancia": "JUZGADO ESPECIALIZADO",
        "especialidad ": "CIVIL",
        "annio": "2022",
        "num_expediente": "8993"
    },
    {
        "distrito_judicial": "LIMA",
        "instancia": "JUZGADO ESPECIALIZADO",
        "especialidad ": "CIVIL",
        "annio": "2021",
        "num_expediente": "12912"
    },
    {
        "distrito_judicial": "LIMA",
        "instancia": "JUZGADO ESPECIALIZADO",
        "especialidad ": "CIVIL",
        "annio": "2023",
        "num_expediente": "785"
    },
    {
        "distrito_judicial": "LIMA",
        "instancia": "JUZGADO ESPECIALIZADO",
        "especialidad ": "CIVIL",
        "annio": "2022",
        "num_expediente": "974"
    },
    {
        "distrito_judicial": "LIMA",
        "instancia": "JUZGADO ESPECIALIZADO",
        "especialidad ": "CIVIL",
        "annio": "2021",
        "num_expediente": "13615"
    },
    {
        "distrito_judicial": "LIMA",
        "instancia": "JUZGADO ESPECIALIZADO",
        "especialidad ": "CIVIL",
        "annio": "2022",
        "num_expediente": "2901"
    },
    {
        "distrito_judicial": "LIMA",
        "instancia": "JUZGADO ESPECIALIZADO",
        "especialidad ": "CIVIL",
        "annio": "2022",
        "num_expediente": "19057"
    },
    {
        "distrito_judicial": "LIMA",
        "instancia": "JUZGADO ESPECIALIZADO",
        "especialidad ": "CIVIL",
        "annio": "2011",
        "num_expediente": "7845"
    },
    {
        "distrito_judicial": "LIMA",
        "instancia": "JUZGADO ESPECIALIZADO",
        "especialidad ": "CIVIL",
        "annio": "2009",
        "num_expediente": "10507"
    },
    {
        "distrito_judicial": "LIMA",
        "instancia": "JUZGADO ESPECIALIZADO",
        "especialidad ": "CIVIL",
        "annio": "2010",
        "num_expediente": "7940"
    },
    {
        "distrito_judicial": "LIMA",
        "instancia": "JUZGADO ESPECIALIZADO",
        "especialidad ": "CIVIL",
        "annio": "2015",
        "num_expediente": "5953"
    },
    {
        "distrito_judicial": "LIMA",
        "instancia": "JUZGADO ESPECIALIZADO",
        "especialidad ": "CIVIL",
        "annio": "2022",
        "num_expediente": "14617"
    },
    {
        "distrito_judicial": "LIMA",
        "instancia": "JUZGADO ESPECIALIZADO",
        "especialidad ": "CIVIL",
        "annio": "2014",
        "num_expediente": "13608"
    },
    {
        "distrito_judicial": "LIMA",
        "instancia": "JUZGADO ESPECIALIZADO",
        "especialidad ": "CIVIL",
        "annio": "2022",
        "num_expediente": "1227"
    },
    {
        "distrito_judicial": "LIMA",
        "instancia": "JUZGADO ESPECIALIZADO",
        "especialidad ": "CIVIL",
        "annio": "2023",
        "num_expediente": "16763"
    },
    {
        "distrito_judicial": "LIMA",
        "instancia": "JUZGADO ESPECIALIZADO",
        "especialidad ": "CIVIL",
        "annio": "2022",
        "num_expediente": "21540"
    },
    {
        "distrito_judicial": "LIMA",
        "instancia": "JUZGADO ESPECIALIZADO",
        "especialidad ": "CIVIL",
        "annio": "2022",
        "num_expediente": "19188"
    },
    {
        "distrito_judicial": "LIMA",
        "instancia": "JUZGADO ESPECIALIZADO",
        "especialidad ": "CIVIL",
        "annio": "2022",
        "num_expediente": "9609"
    },
    {
        "distrito_judicial": "LIMA",
        "instancia": "JUZGADO ESPECIALIZADO",
        "especialidad ": "CIVIL",
        "annio": "2023",
        "num_expediente": "7411"
    },
    {
        "distrito_judicial": "LIMA",
        "instancia": "JUZGADO ESPECIALIZADO",
        "especialidad ": "CIVIL",
        "annio": "2022",
        "num_expediente": "14103"
    },
    {
        "distrito_judicial": "LIMA",
        "instancia": "JUZGADO ESPECIALIZADO",
        "especialidad ": "CIVIL",
        "annio": "2021",
        "num_expediente": "19626"
    },
    {
        "distrito_judicial": "LIMA",
        "instancia": "JUZGADO ESPECIALIZADO",
        "especialidad ": "CIVIL",
        "annio": "2022",
        "num_expediente": "10015"
    },
    {
        "distrito_judicial": "LIMA",
        "instancia": "JUZGADO ESPECIALIZADO",
        "especialidad ": "CIVIL",
        "annio": "2017",
        "num_expediente": "15440"
    },
    {
        "distrito_judicial": "LIMA",
        "instancia": "JUZGADO ESPECIALIZADO",
        "especialidad ": "CIVIL",
        "annio": "2021",
        "num_expediente": "9355"
    },
    {
        "distrito_judicial": "LIMA",
        "instancia": "JUZGADO ESPECIALIZADO",
        "especialidad ": "CIVIL",
        "annio": "2022",
        "num_expediente": "4525"
    },
    {
        "distrito_judicial": "LIMA",
        "instancia": "JUZGADO ESPECIALIZADO",
        "especialidad ": "CIVIL",
        "annio": "2022",
        "num_expediente": "9009"
    },
    {
        "distrito_judicial": "LIMA",
        "instancia": "JUZGADO ESPECIALIZADO",
        "especialidad ": "CIVIL",
        "annio": "2022",
        "num_expediente": "44892"
    },
    {
        "distrito_judicial": "LIMA",
        "instancia": "JUZGADO ESPECIALIZADO",
        "especialidad ": "CIVIL",
        "annio": "2022",
        "num_expediente": "21341"
    },
    {
        "distrito_judicial": "LIMA",
        "instancia": "JUZGADO ESPECIALIZADO",
        "especialidad ": "CIVIL",
        "annio": "2023",
        "num_expediente": "03367"
    },
    {
        "distrito_judicial": "LIMA",
        "instancia": "JUZGADO ESPECIALIZADO",
        "especialidad ": "CIVIL",
        "annio": "2022",
        "num_expediente": "4660"
    },
    {
        "distrito_judicial": "LIMA",
        "instancia": "JUZGADO ESPECIALIZADO",
        "especialidad ": "CIVIL",
        "annio": "2023",
        "num_expediente": "4194"
    },
    {
        "distrito_judicial": "LIMA",
        "instancia": "JUZGADO ESPECIALIZADO",
        "especialidad ": "CIVIL",
        "annio": "2021",
        "num_expediente": "20834"
    },
    {
        "distrito_judicial": "LIMA",
        "instancia": "JUZGADO ESPECIALIZADO",
        "especialidad ": "CIVIL",
        "annio": "2020",
        "num_expediente": "1463"
    },
    {
        "distrito_judicial": "LIMA",
        "instancia": "JUZGADO ESPECIALIZADO",
        "especialidad ": "CIVIL",
        "annio": "2022",
        "num_expediente": "17349"
    },
    {
        "distrito_judicial": "LIMA",
        "instancia": "JUZGADO ESPECIALIZADO",
        "especialidad ": "CIVIL",
        "annio": "2022",
        "num_expediente": "5890"
    },
    {
        "distrito_judicial": "LIMA",
        "instancia": "JUZGADO ESPECIALIZADO",
        "especialidad ": "CIVIL",
        "annio": "2021",
        "num_expediente": "19369"
    },
    {
        "distrito_judicial": "LIMA",
        "instancia": "JUZGADO ESPECIALIZADO",
        "especialidad ": "CIVIL",
        "annio": "2023",
        "num_expediente": "6487"
    },
    {
        "distrito_judicial": "LIMA",
        "instancia": "JUZGADO ESPECIALIZADO",
        "especialidad ": "CIVIL",
        "annio": "2022",
        "num_expediente": "18909"
    },
    {
        "distrito_judicial": "LIMA",
        "instancia": "JUZGADO ESPECIALIZADO",
        "especialidad ": "CIVIL",
        "annio": "2018",
        "num_expediente": "14937"
    },
    {
        "distrito_judicial": "LIMA",
        "instancia": "JUZGADO ESPECIALIZADO",
        "especialidad ": "CIVIL",
        "annio": "2023",
        "num_expediente": "24488"
    },
    {
        "distrito_judicial": "LIMA",
        "instancia": "JUZGADO ESPECIALIZADO",
        "especialidad ": "CIVIL",
        "annio": "2021",
        "num_expediente": "19640"
    },
    {
        "distrito_judicial": "LIMA",
        "instancia": "JUZGADO ESPECIALIZADO",
        "especialidad ": "CIVIL",
        "annio": "2019",
        "num_expediente": "4836"
    },
    {
        "distrito_judicial": "LIMA",
        "instancia": "JUZGADO ESPECIALIZADO",
        "especialidad ": "CIVIL",
        "annio": "2021",
        "num_expediente": "18205"
    },
    {
        "distrito_judicial": "LIMA",
        "instancia": "JUZGADO ESPECIALIZADO",
        "especialidad ": "CIVIL",
        "annio": "2022",
        "num_expediente": "2654"
    },
    {
        "distrito_judicial": "LIMA",
        "instancia": "JUZGADO ESPECIALIZADO",
        "especialidad ": "CIVIL",
        "annio": "2021",
        "num_expediente": "13618"
    },
    {
        "distrito_judicial": "LIMA",
        "instancia": "JUZGADO ESPECIALIZADO",
        "especialidad ": "CIVIL",
        "annio": "2022",
        "num_expediente": "976"
    },
    {
        "distrito_judicial": "LIMA",
        "instancia": "JUZGADO ESPECIALIZADO",
        "especialidad ": "CIVIL",
        "annio": "2021",
        "num_expediente": "9433"
    },
    {
        "distrito_judicial": "LIMA",
        "instancia": "JUZGADO ESPECIALIZADO",
        "especialidad ": "CIVIL",
        "annio": "2020",
        "num_expediente": "5242"
    },
    {
        "distrito_judicial": "LIMA",
        "instancia": "JUZGADO ESPECIALIZADO",
        "especialidad ": "CIVIL",
        "annio": "2021",
        "num_expediente": "12919"
    },
    {
        "distrito_judicial": "LIMA",
        "instancia": "JUZGADO ESPECIALIZADO",
        "especialidad ": "CIVIL",
        "annio": "2021",
        "num_expediente": "21184"
    },
    {
        "distrito_judicial": "LIMA",
        "instancia": "JUZGADO ESPECIALIZADO",
        "especialidad ": "CIVIL",
        "annio": "2022",
        "num_expediente": "8287"
    },
    {
        "distrito_judicial": "LIMA",
        "instancia": "JUZGADO ESPECIALIZADO",
        "especialidad ": "CIVIL",
        "annio": "2022",
        "num_expediente": "14188"
    },
    {
        "distrito_judicial": "LIMA",
        "instancia": "JUZGADO ESPECIALIZADO",
        "especialidad ": "CIVIL",
        "annio": "2022",
        "num_expediente": "747"
    },
    {
        "distrito_judicial": "LIMA",
        "instancia": "JUZGADO ESPECIALIZADO",
        "especialidad ": "CIVIL",
        "annio": "2023",
        "num_expediente": "7587"
    },
    {
        "distrito_judicial": "LIMA",
        "instancia": "JUZGADO ESPECIALIZADO",
        "especialidad ": "CIVIL",
        "annio": "2020",
        "num_expediente": "4829"
    },
    {
        "distrito_judicial": "LIMA",
        "instancia": "JUZGADO ESPECIALIZADO",
        "especialidad ": "CIVIL",
        "annio": "2022",
        "num_expediente": "18726"
    },
    {
        "distrito_judicial": "LIMA",
        "instancia": "JUZGADO ESPECIALIZADO",
        "especialidad ": "CIVIL",
        "annio": "2021",
        "num_expediente": "17680"
    },
    {
        "distrito_judicial": "LIMA",
        "instancia": "JUZGADO ESPECIALIZADO",
        "especialidad ": "CIVIL",
        "annio": "2022",
        "num_expediente": "6302"
    },
    {
        "distrito_judicial": "LIMA",
        "instancia": "JUZGADO ESPECIALIZADO",
        "especialidad ": "CIVIL",
        "annio": "2010",
        "num_expediente": "7990"
    },
    {
        "distrito_judicial": "LIMA",
        "instancia": "JUZGADO ESPECIALIZADO",
        "especialidad ": "CIVIL",
        "annio": "2022",
        "num_expediente": "19172"
    },
    {
        "distrito_judicial": "LIMA",
        "instancia": "JUZGADO ESPECIALIZADO",
        "especialidad ": "CIVIL",
        "annio": "2022",
        "num_expediente": "4279"
    },
    {
        "distrito_judicial": "LIMA",
        "instancia": "JUZGADO ESPECIALIZADO",
        "especialidad ": "CIVIL",
        "annio": "2022",
        "num_expediente": "15841"
    },
    {
        "distrito_judicial": "LIMA",
        "instancia": "JUZGADO ESPECIALIZADO",
        "especialidad ": "CIVIL",
        "annio": "2022",
        "num_expediente": "9614"
    },
    {
        "distrito_judicial": "LIMA",
        "instancia": "JUZGADO ESPECIALIZADO",
        "especialidad ": "CIVIL",
        "annio": "2022",
        "num_expediente": "6317"
    },
    {
        "distrito_judicial": "LIMA",
        "instancia": "JUZGADO ESPECIALIZADO",
        "especialidad ": "CIVIL",
        "annio": "2022",
        "num_expediente": "210"
    },
    {
        "distrito_judicial": "LIMA",
        "instancia": "JUZGADO ESPECIALIZADO",
        "especialidad ": "CIVIL",
        "annio": "2023",
        "num_expediente": "00614"
    },
    {
        "distrito_judicial": "LIMA",
        "instancia": "JUZGADO ESPECIALIZADO",
        "especialidad ": "CIVIL",
        "annio": "2022",
        "num_expediente": "7927"
    }
]